{
  "createdAt": "2026-02-04T13:36:21.008Z",
  "config": {
    "inputSize": 32,
    "hiddenLayers": [
      64,
      32,
      16
    ],
    "learningRate": 0.001,
    "epochs": 100,
    "batchSize": 32,
    "validationSplit": 0.2
  },
  "featureNames": [
    "hasTitle",
    "hasDescription",
    "hasAuthors",
    "hasPublisher",
    "hasLicense",
    "hasKeywords",
    "hasVersion",
    "hasDoi",
    "hasPublicationDate",
    "hasMethodology",
    "hasAccessUrl",
    "hasFunding",
    "hasContactEmail",
    "hasTemporalCoverage",
    "hasSpatialCoverage",
    "hasDataFormat",
    "titleLength",
    "descriptionLength",
    "authorCount",
    "keywordCount",
    "methodologyLength",
    "titleQualityScore",
    "descriptionQualityScore",
    "keywordsQualityScore",
    "overallTextQuality",
    "descVocabularyRichness",
    "descReadabilityScore",
    "descTechnicalTermsRatio",
    "descSpecificityScore",
    "hasSpdxLicense",
    "hasOpenLicense",
    "completeness"
  ],
  "trainingHistory": {
    "val_loss": [
      0.0728834718465805,
      0.06723327189683914,
      0.061837419867515564,
      0.0528341680765152,
      0.04376942664384842,
      0.03707309067249298,
      0.032609499990940094,
      0.02877531759440899,
      0.0250705499202013,
      0.02201356552541256,
      0.02052774652838707,
      0.019248273223638535,
      0.01840701699256897,
      0.01753894053399563,
      0.017371151596307755,
      0.017320364713668823,
      0.016722384840250015,
      0.016302065923810005,
      0.01652749627828598,
      0.016899477690458298,
      0.016705937683582306,
      0.016381870955228806,
      0.016078291460871696,
      0.01522586029022932,
      0.01452449057251215,
      0.014248908497393131,
      0.014213884249329567,
      0.013811849988996983,
      0.013375929556787014,
      0.012889902107417583,
      0.012574185617268085,
      0.012653461657464504,
      0.01254517212510109,
      0.012276649475097656,
      0.011873487383127213,
      0.011669553816318512,
      0.011980502866208553,
      0.012280710972845554,
      0.012237398885190487,
      0.011785987764596939,
      0.011082950048148632,
      0.01086331158876419,
      0.010826888494193554,
      0.010654115118086338,
      0.010491851717233658,
      0.0103578120470047,
      0.010144591331481934,
      0.009922359138727188,
      0.01020981278270483,
      0.010050900280475616
    ],
    "val_mae": [
      0.2252150923013687,
      0.22013191878795624,
      0.21226054430007935,
      0.19627773761749268,
      0.17692022025585175,
      0.1613735854625702,
      0.15091753005981445,
      0.14091792702674866,
      0.13087885081768036,
      0.12283652275800705,
      0.11849699914455414,
      0.1147095113992691,
      0.11166109144687653,
      0.10861480981111526,
      0.10875367373228073,
      0.10879983007907867,
      0.10726242512464523,
      0.1061490923166275,
      0.10680155456066132,
      0.10819190740585327,
      0.10752957314252853,
      0.1066460981965065,
      0.10529542714357376,
      0.10180683434009552,
      0.09898482263088226,
      0.09782449901103973,
      0.09717045724391937,
      0.09548041224479675,
      0.09371169656515121,
      0.09231608361005783,
      0.091175876557827,
      0.09098079055547714,
      0.09065549820661545,
      0.08945390582084656,
      0.08800997585058212,
      0.08714780956506729,
      0.08782050013542175,
      0.08891458809375763,
      0.08875608444213867,
      0.0872730240225792,
      0.08483424037694931,
      0.08393391221761703,
      0.08375351876020432,
      0.0831441581249237,
      0.08322364836931229,
      0.08262447267770767,
      0.08223634958267212,
      0.0815337747335434,
      0.08215977251529694,
      0.08132708072662354
    ],
    "loss": [
      0.33148396015167236,
      0.25334978103637695,
      0.22748181223869324,
      0.21414874494075775,
      0.1990557163953781,
      0.19385717809200287,
      0.19512510299682617,
      0.18777228891849518,
      0.18159426748752594,
      0.17911279201507568,
      0.1728750318288803,
      0.17148786783218384,
      0.17081141471862793,
      0.16811732947826385,
      0.1619776487350464,
      0.1610344648361206,
      0.1557236760854721,
      0.15130436420440674,
      0.1525753289461136,
      0.14562875032424927,
      0.14450803399085999,
      0.14163713157176971,
      0.1371033638715744,
      0.13424073159694672,
      0.13212086260318756,
      0.12919990718364716,
      0.13135547935962677,
      0.12731286883354187,
      0.12475650012493134,
      0.12153163552284241,
      0.11606431007385254,
      0.1152438372373581,
      0.11508554220199585,
      0.11357594281435013,
      0.1101519763469696,
      0.10865714401006699,
      0.10653077811002731,
      0.10254719853401184,
      0.10122085362672806,
      0.09782427549362183,
      0.0958419218659401,
      0.09809171408414841,
      0.09303626418113708,
      0.09105677157640457,
      0.09152283519506454,
      0.08861550688743591,
      0.08643396198749542,
      0.08730728179216385,
      0.08347763866186142,
      0.0819050669670105
    ],
    "mae": [
      0.32516419887542725,
      0.22302773594856262,
      0.195149764418602,
      0.17800644040107727,
      0.15138095617294312,
      0.1479761004447937,
      0.1552087664604187,
      0.14930614829063416,
      0.13854020833969116,
      0.14171543717384338,
      0.13409778475761414,
      0.13609479367733002,
      0.14030896127223969,
      0.13812699913978577,
      0.13120386004447937,
      0.13361169397830963,
      0.12833303213119507,
      0.12212912738323212,
      0.13093692064285278,
      0.12142280489206314,
      0.1264471858739853,
      0.12031491845846176,
      0.11665011197328568,
      0.11610022187232971,
      0.11259054392576218,
      0.10944526642560959,
      0.12357518821954727,
      0.11933037638664246,
      0.11443464457988739,
      0.11236457526683807,
      0.1022854894399643,
      0.10672162473201752,
      0.11047866195440292,
      0.11144238710403442,
      0.10810510069131851,
      0.11070074141025543,
      0.10737639665603638,
      0.10014485567808151,
      0.10063048452138901,
      0.0986151173710823,
      0.0971716046333313,
      0.10662610828876495,
      0.09888669848442078,
      0.09620151668787003,
      0.10231386870145798,
      0.0996328815817833,
      0.09652329981327057,
      0.10530941933393478,
      0.09511856734752655,
      0.09739980846643448
    ]
  }
}